Model,Train Error,Validation Error,Test Error
Linear Regression,67.83979511225967,74.70535401856068,71.65446839616527
Lasso,67.87079138627075,74.57684361548999,71.55876496065761
Ridge,67.84025250991542,74.69205327021669,71.6383174017935
SVR,153.34245220754784,161.55746103476974,152.8298645746988
