Model,Train Error,Validation Error ,Test Error 
LinearRegression,67.83979511225967,74.7053540185607,71.65446839616527
Lasso,67.88061654913442,74.71145898748281,71.62089732979824
Ridge,67.83979901324365,74.70508338768666,71.65367166956577
SupportVectorRegressor,117.57719212738456,124.63316527938203,117.89288339888492
