Model_Description,Train_MAPE,Val_MAPE,Test_MAPE
LR with Numerical Features Only,0.17237546337737172,0.1876931423412031,0.16950732394722834
LR with One-Hot Encoding,0.14498834281064546,0.15146209223349982,0.14496620342624988
LR with Standard Scaling,0.1450307371414531,0.15359939430075456,0.14585436110424407
LR with Scaling and One-Hot Encoding,0.14498834281064546,0.15146209223349982,0.14496620342624988
