Model,Train Error,Validation Error,Test Error
Linear Regression,2.719754580279446e-13,2.5129528088048877e-13,2.9527787622403895e-13
Lasso Regression,0.014921458496114691,0.015915099271926227,0.015554435944891457
Ridge Regression,0.02040221370293864,0.021236085342638045,0.023531930549973174
