Model,Model_Description,Train_RMSE,Val_RMSE,Test_RMSE,Train_R2,Val_R2,Test_R2
XGBoost,XGB with engineered features,64.30730937506759,71.81586920474395,67.29087511474312,0.8805161790000999,0.8570933955883846,0.8707663327193182
