Model,Train Error,Validation Error,Test Error
Linear Regression,64.20476779709729,70.30861876004313,67.47595894760987
Lasso,64.33451527054888,70.17875123304567,67.74031894263568
Ridge,64.2052677985528,70.29678717677704,67.4789860403
SVR,165.36054869563762,173.1085135954801,164.85903746684494
