Model,Train Error,Validation Error,Test Error
Linear Regression,33.33064001212475,37.18359307212845,35.88028925432526
Lasso Regression,33.34909373960185,37.17153462450522,35.864330159909336
