model,Validation Error,Test Error
1,59.67518197,56.2998222
2,59.67518197,56.2998222
3,54.67763676,53.51930212
4,55.12006298,52.99777394
