Model,Training RMSE,Validation RMSE,Testing RMSE
Linear Regression,64.20476779639831,70.30861876004944,67.47595894983645
Lasso Regression,64.33451526989438,70.17875123297398,67.74031894470988
Ridge Regression,64.20526779785384,70.29678717677686,67.47898604252255
Support Vector Regression,165.3605486967164,173.10851359750518,164.85903746849553
