Model,Training RMSE,Validation RMSE,Testing RMSE
Linear Regression,67.83979511146744,74.70535401928603,71.65446839857968
Lasso Regression,67.87079138546606,74.57684361636366,71.55876496307778
Ridge Regression,67.84025250912318,74.69205327093876,71.63831740420521
Support Vector Regression,153.34245220569778,161.55746103056248,152.82986457334837
