Model,Train Error,Validation Error,Test Error
Linear Regression,33.598453163258476,37.360931168402544,36.04210870459174
Lasso Regression,33.349093737925685,37.17153462690458,35.864330159929025
