Model,Train Error,Validation Error ,Test Error 
LinearRegression,67.83979511,74.70535402,71.6544684
Lasso,67.88061655,74.71145899,71.62089733
Ridge,67.83979901,74.70508339,71.65367167
SupportVectorRegressor,117.5771921,124.6331653,117.8928834
