Model,Train Error,Validation Error,Test Error
Linear Regression,64.2047678,70.30861876,67.47595895
Lasso,64.33451527,70.17875123,67.74031894
Ridge,64.2052678,70.29678718,67.47898604
SVR,165.3605487,173.1085136,164.8590375
