Model,Train Error,Validation Error,Test Error
Linear Regression,67.83979511,74.70535402,71.6544684
Lasso,67.87079139,74.57684362,71.55876496
Ridge,67.84025251,74.69205327,71.6383174
SVR,153.3424522,161.557461,152.8298646
